{"cameraMode":{"drawMode":0,"name":"Shaded","section":"Shading Mode"},"sceneLighting":true,"audioPlay":false,"sceneViewState":{"showFog":true,"showMaterialUpdate":false,"showSkybox":true,"showFlares":true,"showImageEffects":true,"showParticleSystems":true},"in2DMode":false,"pivot":{"x":-164.40150451660157,"y":-79.88837432861328,"z":-274.3688049316406},"rotation":{"x":0.010282250121235848,"y":-0.9875271320343018,"z":0.13870075345039369,"w":0.07602250576019287},"size":309.1854248046875,"orthographic":false}