{"cameraMode":{"drawMode":0,"name":"Shaded","section":"Shading Mode"},"sceneLighting":true,"audioPlay":false,"sceneViewState":{"showFog":true,"showMaterialUpdate":false,"showSkybox":true,"showFlares":true,"showImageEffects":true,"showParticleSystems":true},"in2DMode":false,"pivot":{"x":-131.55262756347657,"y":1.3169326782226563,"z":-19.300432205200197},"rotation":{"x":0.09101115167140961,"y":-0.6538662910461426,"z":0.08012518286705017,"w":0.7473437786102295},"size":24.24180793762207,"orthographic":false}