{"cameraMode":{"drawMode":0,"name":"Shaded","section":"Shading Mode"},"sceneLighting":true,"audioPlay":false,"sceneViewState":{"showFog":true,"showMaterialUpdate":false,"showSkybox":true,"showFlares":true,"showImageEffects":true,"showParticleSystems":true},"in2DMode":false,"pivot":{"x":-115.51655578613281,"y":2.1412160396575929,"z":-4.048590660095215},"rotation":{"x":0.06126420944929123,"y":-0.4584246575832367,"z":0.031677477061748508,"w":0.8862789869308472},"size":0.6624810695648193,"orthographic":false}