{"cameraMode":{"drawMode":0,"name":"Shaded","section":"Shading Mode"},"sceneLighting":true,"audioPlay":false,"sceneViewState":{"showFog":true,"showMaterialUpdate":false,"showSkybox":true,"showFlares":true,"showImageEffects":true,"showParticleSystems":true},"in2DMode":false,"pivot":{"x":-147.23646545410157,"y":-7.401542663574219,"z":154.64878845214845},"rotation":{"x":-0.22663114964962007,"y":-0.10169989615678787,"z":0.018410447984933854,"w":-0.9690027236938477},"size":166.47967529296876,"orthographic":false}