{"cameraMode":{"drawMode":0,"name":"Shaded","section":"Shading Mode"},"sceneLighting":true,"audioPlay":false,"sceneViewState":{"showFog":true,"showMaterialUpdate":false,"showSkybox":true,"showFlares":true,"showImageEffects":true,"showParticleSystems":true},"in2DMode":false,"pivot":{"x":-211.9027099609375,"y":52.15922546386719,"z":231.4900665283203},"rotation":{"x":-0.03617788478732109,"y":-0.03392753005027771,"z":-0.00333002139814198,"w":-0.9993119239807129},"size":9.184488296508789,"orthographic":false}