{"cameraMode":{"drawMode":0,"name":"Shaded","section":"Shading Mode"},"sceneLighting":true,"audioPlay":false,"sceneViewState":{"showFog":true,"showMaterialUpdate":false,"showSkybox":true,"showFlares":true,"showImageEffects":true,"showParticleSystems":true},"in2DMode":false,"pivot":{"x":39.13380813598633,"y":9.33299446105957,"z":-16.386459350585939},"rotation":{"x":0.08401378244161606,"y":-0.5175603628158569,"z":0.05219549685716629,"w":0.8499963879585266},"size":11.767927169799805,"orthographic":false}