{"cameraMode":{"drawMode":0,"name":"Shaded","section":"Shading Mode"},"sceneLighting":true,"audioPlay":false,"sceneViewState":{"showFog":true,"showMaterialUpdate":false,"showSkybox":true,"showFlares":true,"showImageEffects":true,"showParticleSystems":true},"in2DMode":false,"pivot":{"x":-305.51214599609377,"y":58.04521179199219,"z":270.9429931640625},"rotation":{"x":0.048775605857372287,"y":-0.4275793433189392,"z":0.023112012073397638,"w":0.902373194694519},"size":27.710508346557618,"orthographic":false}