{"cameraMode":{"drawMode":0,"name":"Shaded","section":"Shading Mode"},"sceneLighting":true,"audioPlay":false,"sceneViewState":{"showFog":true,"showMaterialUpdate":false,"showSkybox":true,"showFlares":true,"showImageEffects":true,"showParticleSystems":true},"in2DMode":false,"pivot":{"x":-33.19920349121094,"y":-13.342613220214844,"z":45.681236267089847},"rotation":{"x":-0.15579193830490113,"y":0.28193846344947817,"z":-0.04740278422832489,"w":-0.9455855488777161},"size":127.81749725341797,"orthographic":false}