{"cameraMode":{"drawMode":0,"name":"Shaded","section":"Shading Mode"},"sceneLighting":true,"audioPlay":false,"sceneViewState":{"showFog":true,"showMaterialUpdate":false,"showSkybox":true,"showFlares":true,"showImageEffects":true,"showParticleSystems":true},"in2DMode":false,"pivot":{"x":-430.66558837890627,"y":58.05478286743164,"z":64.92528533935547},"rotation":{"x":0.0059327674098312859,"y":0.9995537996292114,"z":-0.013376940973103047,"w":0.027178233489394189},"size":29.39874839782715,"orthographic":false}