{"cameraMode":{"drawMode":0,"name":"Shaded","section":"Shading Mode"},"sceneLighting":true,"audioPlay":false,"sceneViewState":{"showFog":true,"showMaterialUpdate":false,"showSkybox":true,"showFlares":true,"showImageEffects":true,"showParticleSystems":true},"in2DMode":false,"pivot":{"x":-2.3544111251831056,"y":-4.5710530281066898,"z":17.86798858642578},"rotation":{"x":0.1073836088180542,"y":-0.0863851010799408,"z":0.009373105131089688,"w":0.990427553653717},"size":25.795822143554689,"orthographic":false}