{"cameraMode":{"drawMode":0,"name":"Shaded","section":"Shading Mode"},"sceneLighting":true,"audioPlay":false,"sceneViewState":{"showFog":true,"showMaterialUpdate":false,"showSkybox":true,"showFlares":true,"showImageEffects":true,"showParticleSystems":true},"in2DMode":false,"pivot":{"x":-126.36274719238281,"y":-1.82003915309906,"z":53.74953079223633},"rotation":{"x":-0.12754181027412415,"y":0.12995894253253938,"z":-0.01722921058535576,"w":-0.9835165739059448},"size":14.550792694091797,"orthographic":false}