{"cameraMode":{"drawMode":0,"name":"Shaded","section":"Shading Mode"},"sceneLighting":true,"audioPlay":false,"sceneViewState":{"showFog":true,"showMaterialUpdate":false,"showSkybox":true,"showFlares":true,"showImageEffects":true,"showParticleSystems":true},"in2DMode":false,"pivot":{"x":-118.2374267578125,"y":3.2791600227355959,"z":3.053497076034546},"rotation":{"x":-0.004372617229819298,"y":-0.9888008832931519,"z":-0.032704856246709827,"w":0.14711445569992066},"size":0.9075567722320557,"orthographic":false}