{"cameraMode":{"drawMode":0,"name":"Shaded","section":"Shading Mode"},"sceneLighting":true,"audioPlay":false,"sceneViewState":{"showFog":true,"showMaterialUpdate":false,"showSkybox":true,"showFlares":true,"showImageEffects":true,"showParticleSystems":true},"in2DMode":false,"pivot":{"x":4.829174041748047,"y":1.5991698503494263,"z":-17.87470817565918},"rotation":{"x":0.001991287339478731,"y":0.9977577328681946,"z":-0.03474567458033562,"w":0.05723559483885765},"size":4.850785732269287,"orthographic":false}