{"cameraMode":{"drawMode":0,"name":"Shaded","section":"Shading Mode"},"sceneLighting":true,"audioPlay":false,"sceneViewState":{"showFog":true,"showMaterialUpdate":false,"showSkybox":true,"showFlares":true,"showImageEffects":true,"showParticleSystems":true},"in2DMode":false,"pivot":{"x":0.059390824288129809,"y":3.3361432552337648,"z":1.598717451095581},"rotation":{"x":-0.015189063735306263,"y":0.33729296922683718,"z":0.010870364494621754,"w":0.9414889216423035},"size":6.3245439529418949,"orthographic":false}