{"cameraMode":{"drawMode":0,"name":"Shaded","section":"Shading Mode"},"sceneLighting":true,"audioPlay":false,"sceneViewState":{"showFog":true,"showMaterialUpdate":false,"showSkybox":true,"showFlares":true,"showImageEffects":true,"showParticleSystems":true},"in2DMode":false,"pivot":{"x":-430.3768005371094,"y":-62.69538116455078,"z":15.754039764404297},"rotation":{"x":0.05237258970737457,"y":-0.6927293539047241,"z":0.05020981654524803,"w":0.71766597032547},"size":446.0606689453125,"orthographic":false}