{"cameraMode":{"drawMode":0,"name":"Shaded","section":"Shading Mode"},"sceneLighting":true,"audioPlay":false,"sceneViewState":{"showFog":true,"showMaterialUpdate":false,"showSkybox":true,"showFlares":true,"showImageEffects":true,"showParticleSystems":true},"in2DMode":false,"pivot":{"x":4.74122953414917,"y":1.4396932125091553,"z":-17.87019157409668},"rotation":{"x":0.0024744097609072925,"y":0.9975230693817139,"z":-0.051227543503046039,"w":0.04821931570768356},"size":4.850785732269287,"orthographic":false}