{"cameraMode":{"drawMode":0,"name":"Shaded","section":"Shading Mode"},"sceneLighting":true,"audioPlay":false,"sceneViewState":{"showFog":true,"showMaterialUpdate":false,"showSkybox":true,"showFlares":true,"showImageEffects":true,"showParticleSystems":true},"in2DMode":false,"pivot":{"x":-24.97840118408203,"y":34.53278350830078,"z":-62.767982482910159},"rotation":{"x":0.29213911294937136,"y":0.14418402314186097,"z":-0.044593214988708499,"w":0.9444018602371216},"size":303.9629211425781,"orthographic":false}