{"cameraMode":{"drawMode":0,"name":"Shaded","section":"Shading Mode"},"sceneLighting":true,"audioPlay":false,"sceneViewState":{"showFog":true,"showMaterialUpdate":false,"showSkybox":true,"showFlares":true,"showImageEffects":true,"showParticleSystems":true},"in2DMode":false,"pivot":{"x":-277.7190856933594,"y":81.61832427978516,"z":91.72637176513672},"rotation":{"x":0.028818873688578607,"y":0.6611740589141846,"z":0.01944541558623314,"w":-0.7501587271690369},"size":9.184488296508789,"orthographic":false}