{"cameraMode":{"drawMode":0,"name":"Shaded","section":"Shading Mode"},"sceneLighting":true,"audioPlay":false,"sceneViewState":{"showFog":true,"showMaterialUpdate":true,"showSkybox":true,"showFlares":true,"showImageEffects":true,"showParticleSystems":true},"in2DMode":false,"pivot":{"x":106.9607162475586,"y":-13.53678035736084,"z":-110.65458679199219},"rotation":{"x":0.017664657905697824,"y":0.9250404238700867,"z":-0.04334546625614166,"w":0.37697380781173708},"size":159.45094299316407,"orthographic":false}